area_peri,area_rect,area_convex,area_elli_inter,ellipse_elli_inter,area_to_circ,area_image,green_area,h0,h1,h2,h3,h4,h5,h6,col_h,col_s,col_v,color,shape,splotch
0.06171130795816493,0.7623041015602376,0.9813239493323591,0.9838023460767034,0.9707379628834686,0.5894368882276336,0.20085454434474762,0.8793836990214551,0.7428673194681606,2.1418546710573816,5.2142990899311945,6.619500607049326,-12.545614954966027,-7.713002358990386,13.22713269751165,21.510662380585863,100.73026365433664,100.1807398016933,yellow_green,oblong,low
0.03879181034388815,0.6737010243953955,0.9762173018985223,0.9512150675429418,0.923434314964223,0.2622502184222947,0.23118592287369943,0.9309678607678772,0.5289230406083338,1.2135329063419706,2.9778237176615,3.219565470351987,6.318329606666727,3.8276911961436735,8.065547442342869,37.45182017860417,76.04476808376995,63.187752856769436,dark_green,lanceolate,none
0.05637743276243621,0.7090744101633394,0.9666710329068972,0.9655821376413376,0.959860188319239,0.5198804752422351,0.15823089384410138,0.9013284351365323,0.7336785644054358,2.0792369021055777,4.38317636557268,5.434484685222459,10.44662248432586,6.751126879597763,-10.554236562622556,43.33903583191935,86.42120970156702,74.71697774228964,dark_green,elliptical,low
0.05605803326452156,0.7002296128870232,0.9793271281266465,0.9639041885487383,0.9574177815261344,0.46090135660830117,0.21083816746065182,0.8445497630331753,0.7094899195809318,1.9092687162242372,4.5871365892013385,5.78232926276438,11.371083063146537,-7.95747341450258,-11.003783346342514,40.63326902573996,63.62400365537899,53.042569934507796,dark_green,elliptical,low
0.042131889862264536,0.7164520682722334,0.9481465007430172,0.9568223593584073,0.9064952550180039,0.3139488866734116,0.2834028306561756,0.9507674461252393,0.589983568828859,1.404457082563701,3.5736861524129675,3.8735267783461085,7.598385223383133,4.601525404758769,8.717337454409524,27.447612265504596,87.30473082850614,67.14644204708509,dark_green,ovate,low
0.04829042831766248,0.6542604572441323,0.9605393392264573,0.9593667412075625,0.8771515608412297,0.3590389663842624,0.15766379373896208,0.9162787151860134,0.6582833359150128,1.670924449620064,3.4401716075071755,3.960977289223181,7.665124328896972,4.805573498985288,8.55522107332558,76.08511414414689,122.71597460761366,121.68966521769968,light_green,elliptical,medium
0.0539562179814011,0.6808057274473799,0.9771408984441947,0.9592224911620147,0.9286009095199191,0.43622235913778107,0.1582268878955626,0.9034895912504921,0.691012919780809,1.8161036092374343,3.5796860743314864,4.186981697430205,8.070338578823543,5.095999549769637,-10.057882692309237,48.77859641231261,96.73614288705687,87.1687050666584,yellow_green,ovate,none
0.04616230211960566,0.6659716907799196,0.9678605832384622,0.9543657256605139,0.9332085017515526,0.3543927150130095,0.1841355525566052,0.8977832066594281,0.633807015884408,1.5565558809443079,3.6437980229727693,4.312205757739217,8.32057259294517,5.228488841533788,-8.732404137800186,54.21426515819199,92.04416605212512,83.18378689497635,light_green,elliptical,low
0.06059594097530328,0.7105095799956701,0.9773179182861875,0.9565158050765417,0.9261598191994551,0.5645922742951851,0.14915946096421956,0.9005671989513009,0.7519750456266391,2.2934242712457076,3.6688493805142257,4.720545828579458,8.919272441916133,5.879899561645165,9.783032873112264,20.212233830751437,72.74805488664303,81.21512858921608,yellow_green,ovate,high
0.052167041693674254,0.6630595651744928,0.9779377206178775,0.9512704707055758,0.8749050136740743,0.42583674323758647,0.1656513651940798,0.9072584537177053,0.699461139103988,1.8980795582414154,3.100175256696777,3.8460310682822114,7.323274052834374,4.827938911919876,8.18108717376712,32.795387617242746,78.04673282877049,66.45249189667813,yellow_green,ovate,medium
0.05944940629912662,0.7358217592592593,0.9717293362834586,0.9661245924929915,0.954956161036576,0.5713150169836481,0.19068271149543448,0.8893229992515824,0.7541362064568916,2.2772870348623715,5.598920594601615,7.246463287415211,13.68034875563323,8.404526346744353,-14.31862162885363,28.725510216944624,88.75578918176203,82.67884380239256,yellow_green,elliptical,low
0.05686340583089082,0.7334091050148958,0.9666496242139169,0.9670487181792697,0.9342964565085142,0.5405852029111314,0.15467678281585423,0.9219800388222165,0.7481719201572106,2.23489048475544,3.8811470459519004,4.74674017620945,9.075714474113164,5.918350897559553,9.648043526949161,19.243731827567316,81.01941553242594,75.03913657241583,yellow_green,ovate,low
0.041445082480958906,0.713529239313664,0.967324103820974,0.9546760557754147,0.9162395658739247,0.2925322592220186,0.2527545199512487,0.8444091909026841,0.5417834431921147,1.2508901667158558,3.1674417116469757,3.7749013036501378,7.3150735284705855,4.65843609073626,-7.528610723209769,31.121988464769863,86.32532527986558,86.48444560503191,yellow_green,lanceolate,medium
0.055408024868485194,0.7472010389036251,0.9797511738449944,0.9549379314935269,0.9278695290588411,0.47641983433770063,0.21015856683680764,0.9187692057375928,0.6922437765935717,1.822725794603762,3.49676517692467,4.276130399013228,8.170076044365356,5.2214293113516455,-8.897224898675503,22.398055966387794,75.39038137495126,71.48995239251525,dark_green,ovate,low
0.03585880538710937,0.7151723615138249,0.9593954442222298,0.9578580103787125,0.9412448836717429,0.2541189321222114,0.0847010633223915,0.8769128850612786,0.4859458706700115,1.0931169942804995,3.349331955352384,3.936990568490742,7.656120487716929,4.777959678873841,7.845089821877103,79.44476184616467,124.28868956060859,108.38006170289441,light_green,lanceolate,none
0.06079226141173311,0.7267970882620565,0.979181716687463,0.9547730829420971,0.8953213905384922,0.5684569814626741,0.19367157665030005,0.8622177509501453,0.7373349257929233,2.1646618018841397,3.313867533872541,4.448957633598694,8.48316659381727,5.846300044765284,-8.478627556007542,57.562606709683145,93.8890219295328,96.06348256058892,yellow_green,oblong,medium
0.05571828289142613,0.8760437215419163,0.9776460896233272,0.9666619459000142,0.8557281483416876,0.4942786150251394,0.24642455799928806,0.12921682481234953,0.6855421499891754,1.8075494650726887,3.969087669110995,5.064334830929342,-10.306477604165368,-6.7064823231970525,9.588874905731048,54.4838832112684,85.87751802859272,106.43181466747262,yellow,oblong,high
0.05034239878247852,0.7568618967375628,0.9662502150092181,0.9776377613190186,0.9688348624888873,0.40075981810259437,0.14412103735984189,0.946708220297762,0.6382948666098406,1.5633731720938642,4.703469156912977,5.319594505541841,10.35881690400358,6.191870013850013,10.792035743058028,62.734269667134086,128.14659897868128,125.8083415193803,yellow_green,elliptical,low
0.0620439072346507,0.7680828457378126,0.9814870687623161,0.9757775162708038,0.9586899760946248,0.576119659140836,0.14564061022222968,0.9026921876125747,0.7537052151613715,2.261867462270997,5.365057893460254,6.639213240302473,12.817954210736975,7.98273169324429,-12.768574618836103,23.934620602678997,61.842221924980414,60.66228765788317,dark_green,elliptical,low
0.04798269115465402,0.7528801008578716,0.9679190711062052,0.9680779909440427,0.9353957559823681,0.35841952092687074,0.13929410219150318,0.8975791433891993,0.5982290935672852,1.423674253388903,3.561196049656788,4.177881431680629,8.094820739763392,5.047929688779828,8.401174891367763,22.066075629769898,85.36846081750541,70.25547522044337,yellow_green,lanceolate,none
0.058242178690739145,0.7156680406152609,0.9600364122677875,0.9456950541410594,0.9077442168263185,0.5766976571879696,0.15796977631812534,0.6681884694176178,0.7524300900754578,2.343325375570404,3.5105652370741613,5.041617357760402,-10.323471535100769,-6.730391351124136,9.31983362021049,85.6446925558831,109.94633365056521,119.92430537824097,yellow,elliptical,high
0.05072748728318374,0.7807344723403118,0.97001129455536,0.9688444448249587,0.8786798652814702,0.4239449234450399,0.12487544636175081,0.8665165537966285,0.6431984921753876,1.6009163153635517,3.310199836014625,3.982290209336616,7.6300106287805765,4.785276445024283,8.713195256597036,64.68544305947084,115.24746119620961,111.15920592330944,light_green,lanceolate,low
0.05471679160044618,0.8243158599537787,0.9760120706851136,0.9637888117385038,0.9156517836757682,0.4609641578980931,0.14730061444406706,0.9105550460718809,0.6693036245781252,1.7068339790061817,4.496827253379132,5.174148825915529,10.02458558010951,6.081338266672608,10.598143579148005,22.460074856929474,66.89379347476834,71.80551961303657,yellow_green,elliptical,none
0.04719700959074988,0.7878887531710984,0.9785443618576518,0.9681526974473131,0.9375118070685939,0.3573041494428951,0.1315420695136554,0.9088638456595048,0.5888719276164698,1.3921131043903727,3.615944076103851,4.137710911649901,8.035381087393764,4.919577122630654,8.53377675390614,30.113648944302398,109.3622321216754,101.6907175053378,yellow_green,lanceolate,low
0.05926576386186818,0.7116277658765162,0.9748511914276032,0.938786887073661,0.8531912820006917,0.6381765041712754,0.1719002254791432,0.924089443877869,0.7534334559569886,2.4807806811172104,3.071785666227859,4.5859367779805496,8.620974590719186,6.083243147294075,-8.521047516803558,35.00985173433613,132.23921630073576,141.79860417441944,yellow_green,oblong,none
0.04439764537246102,0.6846603611349957,0.9594598574936338,0.9510266049336202,0.9084071938184782,0.332324357188143,0.10539714867617107,0.9361068551031628,0.5886631127176227,1.399692340507144,3.0872469267392417,3.507809656005522,6.806788634601624,4.218646377268596,7.8936531518880715,11.454946686912846,74.01329350842941,65.78871942910222,dark_green,lanceolate,none
0.048555924292531985,0.6756259040007158,0.9793128416001815,0.9564826360917689,0.9505046301321665,0.35724070828044163,0.11167677215813862,0.8979297939725664,0.6449072463170562,1.5948427231865308,4.3504539797442145,4.797309637089318,9.372230109746786,5.600693627659995,10.531850138478442,64.87966629502903,136.8274960593595,126.32434080086996,light_green,elliptical,medium
0.048131951003556474,0.7385026882690434,0.9733606801022532,0.9559974103549157,0.9489525441725769,0.37210615254066715,0.22274327024979015,0.9164289771512683,0.6195385508537248,1.4986925873762398,3.5914257252029964,4.58856263227083,9.86144030299421,-5.934135149723955,8.679494209807778,19.181619282614772,61.18493758432497,54.669184767415004,dark_green,elliptical,low
0.06071264602711894,0.7501045846826049,0.9825560155869459,0.9666615027110766,0.9459647038722285,0.5601812257281417,0.1885875556559711,0.906883552801446,0.7373269187865293,2.1132208970856903,3.9132544048715068,5.05548228794879,9.654618623411835,6.340854584375308,-9.733179846437919,15.154043645699616,71.83102439024391,72.57798202824134,yellow_green,ovate,low
0.05622470245319247,0.7283420530398701,0.9807837135291403,0.9485596452987218,0.9394003772758257,0.4871369837478917,0.26147414370974376,0.8917195085702962,0.699956766852884,1.8622945920105105,3.5195524729880674,4.264059278504315,8.156822326138117,5.20038915238803,9.33422575482159,34.09472945867123,74.13644586096994,67.50359942409214,dark_green,ovate,medium
0.046280700543401596,0.7426212084048729,0.9693961952026469,0.9583562699548607,0.9110799007120858,0.33254548067926787,0.104806264759956,0.8491137289441815,0.5755306687040342,1.3556135824720543,3.28644944293077,3.7516032599475597,7.273601344509933,4.455586254893032,8.203986038730495,65.29170304088461,101.40257165720936,93.774679906882,light_green,lanceolate,low
0.04868134282083121,0.7498935717326521,0.965562030052789,0.953152575004011,0.9350212408251033,0.37940333064665455,0.1406929338389521,0.842315714127041,0.6139834248811116,1.4813119300132542,3.3574876841601915,3.963253518172628,7.6573641627291185,4.824092683815471,-8.044580087646766,70.85853461269807,162.0010293739201,179.53864441258287,yellow,lanceolate,medium
0.05598622721513822,0.7572201827989212,0.9803665609149878,0.9736413592385098,0.9602334603655219,0.4799322050101381,0.13274273813054674,0.9064173437712562,0.6886511027385929,1.7868579633824793,4.215481658129897,4.876074879947109,9.423779259320808,5.7758213125128455,-10.448852069307508,65.53705602073202,132.00336239205492,120.03835587229472,light_green,oblong,low
0.05372293053993186,0.739662916145761,0.9798737080290478,0.97004948859467,0.9671045039394497,0.4498865447486648,0.14216770133514756,0.9131358658417408,0.6827315345883614,1.75673241379229,4.323676459897551,5.218588513440352,10.122103026698104,6.434334884166376,-10.160022278776104,16.67415512599575,60.33038501200783,48.73421506135415,dark_green,elliptical,low
0.04177283425669676,0.7554458949355143,0.960309469745655,0.9801468537968213,0.9586975814892038,0.306812304160643,0.09281458614994847,0.8935031136722744,0.5404260602383096,1.2407982276864045,4.323914281278414,5.0227245935070375,9.84419511736962,6.113813020760052,-9.84894895763141,16.11073168207789,62.619021220923784,58.237961135626165,yellow_green,lanceolate,low
0.049859664865134955,0.7207818494909519,0.9655892524338445,0.9502213038485074,0.9106171869083293,0.4206400826388011,0.1222812479979499,0.8000972395697987,0.6825621402648088,1.7796926970398472,3.5116669103846085,4.510928358075419,8.74498137865079,5.961690563727722,-8.618627680756672,27.084615577281113,68.47743723753308,73.57382886530803,yellow_green,oblong,high
0.04849178724515037,0.7499752970170421,0.9708326044306,0.9702081900351666,0.953993822559853,0.38898946998570894,0.13398738878084884,0.7886440037588522,0.643176423761792,1.5860798404280332,3.7205430303473874,4.250728807559313,8.241769643583313,5.068919818024968,-9.041044220007548,30.684217543276596,72.0223614269732,78.57231379808054,yellow_green,ovate,high
0.060326678817452024,0.776274174785517,0.974607601060698,0.9717426681496224,0.9585931789569277,0.6167153774189116,0.15192667534666637,0.7929497160920214,0.7506607719330847,2.2388431627951277,4.542858519093718,5.686114045767535,11.181209348961739,-7.7974599883386855,10.84192461906225,67.73725851008928,111.38570898145143,107.87965494936097,yellow_green,oblong,high
0.046683591857639296,0.7283480166444236,0.9775296969115213,0.9608284251438088,0.9491090305873457,0.35127954806203643,0.09621215299074466,0.9510352859384543,0.6088582975280482,1.459249075999142,3.6731543582567747,4.104405265477769,7.994354971577645,4.844059097437664,9.128073619672488,38.30420291160608,109.23725633805023,103.55972826576533,yellow_green,lanceolate,none
0.05817249582912947,0.7623826079104208,0.9714425434906115,0.9655098384684858,0.9540481815212662,0.5610335306375077,0.13589082217357712,0.8259871781584519,0.7242772331142392,2.0090526659123285,4.182726353058321,5.525347120085157,-11.130104463164676,-6.989926025996758,-10.386338082153838,51.86495030288772,106.34114568017408,118.44281891430923,yellow_green,oblong,low
0.051488539922486254,0.7926132655646579,0.9757839268413715,0.9636220098706356,0.9301584788186191,0.4186563201674177,0.1174240873189197,0.9006301127034789,0.6379740413908689,1.5722607728627283,3.5405055774095326,4.205781806039757,8.144789521698643,5.182506355792421,-8.370078776805197,38.53570947181946,101.74278397165578,97.49165270637167,light_green,ovate,low
0.060400002131206436,0.768777015505413,0.9826852078704369,0.9685258022223655,0.9494408694478332,0.5760374209636421,0.15890368852459016,0.9073871085606208,0.7401214377287972,2.137574586194856,3.938813287308757,5.003030690081584,9.574707167221709,6.255310770790186,-9.689130477686236,96.75842840771085,158.35517335750816,146.1912320613037,light_green,ovate,none
0.06043634127427402,0.7096489213772692,0.980799153681705,0.9474448224566198,0.921916358067575,0.5796729232992579,0.15682326275044894,0.9095092782763843,0.7508959747530838,2.301735498320225,3.4170614176858534,4.431033714135847,8.355447656234071,5.583708640073788,9.741677980732653,79.47924676764606,182.70873942667072,163.8998014985962,light_green,ovate,none
0.055367928577434444,0.6864929241978422,0.9711210655672718,0.9657720175528115,0.94050365425764,0.45254083428658337,0.13956701324597637,0.8478416164914787,0.7003664709193128,1.8601342977107918,3.7382889527875136,4.66712440729697,8.952171498082093,5.831774206401881,9.120272541576629,55.41422729665168,73.53334143082715,55.18474432163245,dark_green,elliptical,none
0.054666108981456504,0.7989507695118053,0.9592945647834156,0.9690494223225705,0.9426878242709338,0.5360799677265585,0.23708345191147973,0.7975806854962596,0.7082042064516043,1.9066863006047017,5.500504185891609,6.408939559802398,12.511458966647046,7.371426142256314,-12.516928333135871,18.80132143848832,64.62568973250838,68.613803193951,yellow_green,oblong,medium
0.06430924758361949,0.8224110398023442,0.9771188210375585,0.9638395310496428,0.930443764040486,0.7735653749267802,0.31921487603305787,0.8631739634853758,0.7864414369703069,3.1539131617619516,4.226856157035921,6.3364319230200445,12.440415861864967,8.55591559323052,11.623053825257946,88.28861699803365,123.71270604228874,113.71219624693516,light_green,elliptical,low
0.06068692026811906,0.7528663463638349,0.9692230646904295,0.9635456325465028,0.9333970432996457,0.60239373306353,0.13469251704168758,0.904057435004895,0.7460421296958084,2.213238155053342,3.707892334171666,5.165231156299085,-9.602980078034465,-6.275514512456236,10.73350573155626,89.31325518485122,123.73784490532012,121.94899909828675,yellow_green,oblong,low
0.05081953288777851,0.7264544076239983,0.9563298357664234,0.9575079605490692,0.9311478550003325,0.40138027855945024,0.14347115639623917,0.8647839620278828,0.6521843967375112,1.630967324390899,3.9351469928323124,5.027934935913841,-9.646932395525313,-5.917324730203213,9.673885226729066,22.0945966757887,60.3160962433806,54.41129710582744,dark_green,ovate,low
0.03597787887131457,0.699787293527376,0.9403040387041423,0.9614274723643186,0.9433078002650614,0.2536204482958739,0.31836659275683665,0.9085721227172725,0.5113948724751866,1.1623526415199972,4.085478032134902,5.078912213271164,-10.230258997352893,-6.023374076077832,-9.6775035681786,38.517848321484564,91.29466912949161,83.77170364483773,light_green,lanceolate,none
0.06508265711705918,0.812921389486027,0.9836466554343649,0.9781836211883316,0.9493093349271851,0.6898064501709126,0.14544598291943112,0.8936902284559503,0.7656698096947578,2.433773817352223,4.247621898363911,5.861427272787161,-11.23509359704944,-7.66100236186095,-10.972704806142731,57.292108169417666,123.1001850580545,128.4994925827538,yellow,oblong,low
0.06200227813312753,0.745898033126294,0.9750581469108132,0.9671339104487969,0.9471252254909126,0.6252019140629816,0.146400125972733,0.8517599708550908,0.7608098923024291,2.3773494190942985,3.84979071237465,5.025515861294845,9.515508897492166,6.289625031721862,9.797774964303267,85.06755197299299,149.61048244027626,148.1576327528893,light_green,ovate,low
0.04448525138539244,0.7091179026651216,0.9622339275536076,0.9477608129500077,0.9246933448046497,0.33330222738572324,0.11420057266487442,0.912980646479089,0.5763156819327835,1.3582413254787673,3.271235248053069,3.7651607521731227,7.297665804945077,4.506650750795523,7.881075073357309,35.361341804320205,111.03453113087674,116.50835578144854,yellow_green,lanceolate,low
0.03602515525267048,0.7314309346567411,0.9754346247434404,0.9715271158785803,0.9623557658133838,0.2427902698133554,0.20451647008292861,0.7804828139556172,0.473599530162846,1.0589162247982549,3.7597327899929787,4.4898949183843,8.846006887419493,5.7487150585073685,-8.706478822950308,56.59776591750254,107.43039478624684,97.54478892882047,dark_green,lanceolate,low
0.056977878062040486,0.7654174720957785,0.9790979536653359,0.981112016293279,0.962247094562979,0.4745366459035545,0.20064533423998326,0.9143625254582485,0.702273278692929,1.8585185782406404,5.424418867929652,6.251522274974181,12.13171192236905,7.398347685195244,-12.465883267792607,35.50617934276105,78.93997325661493,75.33930061996028,yellow_green,ovate,low
0.059785556013007224,0.7197196322196322,0.980012431615096,0.966775675079957,0.9334778458114383,0.5191480043437166,0.2829175606987322,0.9139073443481311,0.7331625474297017,2.094253591563745,3.788963048645997,4.643330912415879,8.861124892414171,5.714607155983098,9.92033130063937,30.395912194510814,73.91920141032868,65.19325798455439,dark_green,ovate,none
0.0544829134106766,0.7414618808049536,0.9725159680216573,0.971003461461788,0.9554291540584001,0.4670968455536983,0.32887239662801343,0.9117671577955382,0.7049705319615395,1.8830895752884895,4.492026143884051,5.91540134690241,-11.54811265569996,-7.348143748369402,11.151532105138761,56.37529752888735,100.42526795631915,94.70184359717834,light_green,oblong,none
0.046828935627913265,0.7130033964095099,0.9802126623162902,0.9671992800988521,0.9617937932885859,0.336065908840217,0.20680760367276912,0.9329435361114593,0.5998255712695372,1.4270033156551072,3.856181554425519,4.342298744440527,8.453206393859396,5.132477607050967,9.082234776782245,12.6650589090131,60.964583268324645,54.74533386231829,dark_green,lanceolate,none
0.052506364440715984,0.7545395270344314,0.9718366763643678,0.9690362683765463,0.9632923702310168,0.42374948964141446,0.12801772602471026,0.8979954178905595,0.6648870616700613,1.6755891685154352,4.0669733865389315,4.94759853760775,9.639312648056649,6.307980659871486,9.576074290680914,82.14969919072719,120.95022085876253,118.13698669782687,dark_green,elliptical,low
0.05274686863697827,0.7215519293234767,0.9788158931844297,0.9728151854645649,0.9550838899568422,0.41926362872721024,0.12077467759360506,0.9290182372073957,0.6814629128279934,1.7523491513289269,4.6177519971269865,5.189771460341347,10.095077274745524,6.072019628533157,-11.168346235998644,50.33564082374026,82.67728144458883,76.72812030511047,dark_green,elliptical,none
0.06017534910296846,0.7261379607288798,0.9714274846079023,0.9699717506223254,0.9387024494554186,0.5754247224607344,0.15338789336939398,0.8012866053198333,0.7565646257300959,2.3344218290985803,4.242050757857129,5.571818462662428,10.493676295215131,7.005478122264557,11.067617806841982,17.70533539467684,87.9832608526399,88.266547286701,yellow_green,ovate,high
0.04790858125723371,0.7229339666122443,0.9798717765460138,0.9624717024966637,0.9367537123024796,0.35843341543030327,0.24979351112070827,0.8931259353709337,0.6106051256318553,1.4669388208986567,3.587084510799065,4.574468257197768,-10.391699589312637,-5.7638080806793,-8.65531774121982,69.9702242306495,107.58240932559063,93.22941511114928,dark_green,lanceolate,none
0.05161442311934109,0.7257253816623516,0.955060008106822,0.9631989764849886,0.9230215876125859,0.42773163104573375,0.15521247832827978,0.47263758096163666,0.6633517762694183,1.6809443445116141,3.60318290242305,4.549528374547393,9.047083641573462,-6.537658982345382,8.659583123926044,39.00130749303485,75.15155921599296,82.80800625641527,yellow_green,elliptical,high
0.034343110292755365,0.7428828340901832,0.9576914469856331,0.9634867298821836,0.950836840519958,0.23478039163914588,0.0823414737013854,0.8665791183164546,0.4400557983844463,0.9750034381604201,3.3555367751970175,3.7586689494924133,7.333451867346311,4.372020436182863,7.86918720927602,21.282542951500982,56.60147871906193,48.9536531967791,dark_green,lanceolate,medium
0.05090178794575777,0.7953765520683846,0.9773067044888258,0.9738211974336705,0.9376435326762191,0.41411256238398386,0.11142947409958566,0.8929594038046675,0.6293966070228874,1.5338295151495376,4.108703213708672,5.20584578068073,-9.89088198524966,-5.992715148409004,10.323507337526589,43.35147049001491,86.49944341785961,89.99236369303381,yellow_green,oblong,low
0.04550657888187761,0.7197567537832188,0.9523696086605524,0.9539270726216614,0.92034121874481,0.32705273761138015,0.10444806335217294,0.7576915594341458,0.5765142886272994,1.3561230797760662,3.4379270035452607,3.9035205029472237,7.581082081149235,4.623116442510634,8.328572365491569,28.896667264178262,57.24003419604815,69.12278863257174,yellow,elliptical,high
0.04476232973911388,0.7304218220425497,0.9497183864349762,0.9524578891168595,0.9126582178967549,0.3463894261832211,0.17134512335070992,0.9641801725246404,0.5973308702733426,1.4274987482497297,3.22330266588285,3.6903797239632463,7.151543960028535,4.420449411992914,-7.999861326903837,36.80150123615462,147.94422465883025,121.49408921734008,light_green,lanceolate,none
0.043438912965008056,0.7178372182942996,0.9554239985884481,0.9409709731469387,0.8973915008807171,0.3368476644162406,0.20764140037883055,0.9304944510598677,0.593228517108699,1.4227334667908371,2.990847019266191,3.6492211026499133,7.049017318066837,4.637953082190626,-7.225395576071883,35.91647509578544,126.1336896551724,104.33381226053639,light_green,lanceolate,none
0.056473341579050915,0.7587946369308376,0.9713556593094828,0.9678467222545101,0.9527241493206743,0.5634053995746047,0.13692685600600907,0.4034823451269704,0.7415024434141155,2.1529312275776054,4.2119096839643735,5.3255414441258555,10.095289941477839,6.413703297460542,-11.258231772091337,31.77921206495971,63.94903665955271,74.92551625470733,dark_green,ovate,high
0.05742162842083849,0.7431569423681132,0.9663176421660199,0.9486486872078259,0.9054689828825271,0.5817624662587674,0.14301220871592546,0.9543411785406868,0.7489316399980805,2.2953167018525793,3.424170929000756,4.5933281002482795,8.641113402536533,5.7858660324947735,-8.993948883200114,40.982209207203574,116.34716587430495,94.0020866183741,light_green,ovate,none
0.05001818161012709,0.7006076604188074,0.9678654902776588,0.955963233155905,0.9218714447714131,0.3853293344871348,0.22419921764272352,0.6462265940095836,0.6649983872344815,1.6896992151426615,4.201013840514415,5.560583310839582,-10.61055264156171,-6.520348324011727,-10.57471786341246,23.12456122692903,69.36239824868211,80.19930677000113,yellow_green,ovate,high
0.05736751383838799,0.7515312718378756,0.9754834598673887,0.9404279406243716,0.8857688066534369,0.5754311988069325,0.21164645534320875,0.6767315276403988,0.734229217717077,2.1701639510211086,3.183775330291087,4.372694543419141,8.267779213267511,5.597821258032606,-8.3413040043012,93.98744514786029,139.1796692992603,147.02751357829513,yellow_green,ovate,high
0.056080280073133364,0.7861725237022149,0.9581655439469012,0.966700667536056,0.9407127837713688,0.5447401079581499,0.17662700774705864,0.8827486474970626,0.7137527421379004,1.9423059897004065,4.543712158626416,5.615045516268994,11.643463630092665,7.998581802307777,10.697187705555885,46.77093166427252,85.72964549558793,92.58630463780013,yellow_green,oblong,low
0.05079703154217494,0.7339309982703237,0.9899543283877452,0.95876776752554,0.9449427670191568,0.37291924439554663,0.11001574183392365,0.8870874409502667,0.6325435852418753,1.5470568020436088,3.4263841744330623,3.8841821907634277,7.539863412474459,4.658829291235289,8.908078645564778,54.550349182453054,89.23915861665202,82.08246560448292,dark_green,lanceolate,none
0.06312540017226044,0.7434180402930403,0.9847263427627023,0.9719762876279929,0.9608745612856964,0.6174339946497166,0.19221207403768178,0.9046321246182667,0.7654672182062903,2.41821697281151,4.071881953820841,5.529581390744442,10.575251000243844,7.178048832946202,-10.415238924422617,36.97948079259267,99.80555754055351,96.9114305256388,light_green,elliptical,low
0.050540597080936035,0.7133526232926258,0.9699601358505413,0.9627934027259983,0.9476978327121538,0.40290862524005944,0.2019673276630605,0.9109964508336067,0.6612668100110248,1.6637175219469986,3.8825753125873836,4.432985100135719,8.590935804252137,5.271062757739454,-10.143368375350278,28.911119158864633,71.08625674576554,65.85160800052245,dark_green,lanceolate,low
0.06178461567813026,0.7384428223844283,0.9819650457707391,0.9713287507811168,0.9427100009825725,0.573449454311161,0.28408797479794456,0.9015963188092939,0.7522226734556962,2.2652143197599313,4.088359361272034,5.068677241733512,9.667434009339921,6.237797096496101,10.172524548880697,19.930928929652552,71.88290109790809,67.63772421271405,yellow_green,elliptical,low
0.05623699106354478,0.7725715889949467,0.9633624893103087,0.9688942185399179,0.9464302145572381,0.5585047595946975,0.12947506385266838,0.8686673622899503,0.7335069804511263,2.0830775980873613,4.053952842970871,5.206843007563124,9.890747747734672,6.310313701499598,10.167617871581514,31.058637738302902,67.8908580452711,62.94804041988791,dark_green,ovate,low
0.05580707208919173,0.6993657042869641,0.9656291878220494,0.9654564112587959,0.9229790471797914,0.48858142160032664,0.14701086058537105,0.8067826426896012,0.7162363997279004,1.967605903231805,3.8208648230619615,4.7972347004999705,9.181470262509917,5.893146322038392,-9.373102997438433,22.96329588742906,122.85053059161937,135.5626117546451,yellow_green,ovate,medium
0.062037884134390535,0.7496264700212069,0.972341467480776,0.9472028889996196,0.9026504647901318,0.7141920732591293,0.14049465464054886,0.5925878299819437,0.7753752359882776,2.85016919402488,3.4611373434145225,5.478308327959577,-9.958835421134149,-6.90877305023859,-10.604990589012752,96.67220363543376,131.2171777441558,139.06181942165492,light_green,oblong,high
0.05506053861711099,0.8110855420638029,0.9791868487680572,0.9709840667245734,0.9474252423680123,0.489742865382802,0.16025102218935547,0.8009363440326513,0.6762196532164735,1.7311337085532095,3.880238368126285,4.7973740787613055,9.463465668247336,6.431317418962112,9.190558895188397,60.30022359419323,89.86751209744702,83.5321942265977,yellow_green,lanceolate,medium
0.05954171947372603,0.7360017912649491,0.9859692212141423,0.9607374347264326,0.930877848236639,0.5344313101437773,0.17059614407690354,0.9241699206516798,0.7155576662819556,1.9561246325907182,3.585245257009691,4.397348313464517,8.389157613280405,5.377251221799382,-9.702425351572066,55.79023858544265,105.42763715635218,97.171547848884,light_green,lanceolate,none
0.04893751070897358,0.7204015445399081,0.9736931329692552,0.964880208430491,0.9720291602807852,0.36423385585931806,0.14357274473813894,0.8761915421493461,0.6273867438020084,1.5228811656738592,4.364030092814346,4.8469827064874105,9.459162853087884,5.660402655837472,-10.212009723601316,49.406095633274056,103.81401896858328,99.49003408417309,yellow_green,lanceolate,low
0.04436239533005757,0.7167118703210252,0.9587839952471634,0.9465003955761858,0.9204517141067515,0.32671580311097037,0.10506634765847522,0.8890339642266347,0.5738670209871419,1.3497520713159867,3.2343481628301167,3.7828135967938765,7.315267723444687,4.572278713578808,7.782643164889842,3.990341614565592,68.08954059488622,57.8753200232944,dark_green,lanceolate,low
0.06283509091323786,0.783837602749829,0.9763950290085857,0.9705353196949177,0.9583188742148111,0.6259102633722434,0.25170590903349527,0.9106393898353411,0.7659077126948718,2.434726097469361,4.358198249700379,6.12439829189477,-11.392529611834412,-7.383167498870277,-11.833017092138396,34.66113571834185,97.28272572402044,95.68277115275411,yellow_green,elliptical,low
0.04543336701923986,0.7436327731021214,0.9843217985898033,0.9758659205142525,0.9701975464048703,0.32136347665307335,0.15786642196552592,0.8685419254835364,0.5687007134391733,1.324524555047001,4.01376996435648,4.354051501376777,8.538135903795775,5.0179451032467615,10.086564378599997,67.25871395590964,100.27859761893984,93.53310171563079,dark_green,lanceolate,low
