area_peri,area_rect,area_convex,area_elli_inter,ellipse_elli_inter,area_image,h0,h1,h2,h3,h4,h5,h6,col_h,col_s,col_v,is_leaf
0.01991749636227219,0.3801418551335925,0.8412244868343721,0.9213323627029526,0.7640359634766787,0.023771960558914923,0.3677800449172855,0.8190803375360809,2.22863009042573,2.697475607951539,5.197771202530729,3.2822510618804808,5.561740064169018,110.78074605766987,175.4456651524093,182.83560586305808,n
0.0167219705046826,0.5323384628112848,0.7907326332883461,0.9169333240824256,0.6954479312309179,0.014776177156819517,0.6920184134253657,2.6330044489279603,2.553959582215479,4.6841480381672875,-8.319606796909873,6.013518855859652,8.872242406801401,33.26751462535944,70.5822876155431,65.6749754866857,n
0.022722653688005474,0.5945863355635616,0.9379721543877454,0.9721252941653818,0.9436473406747479,0.006064086514235323,0.5744690313873966,1.3451444417349578,4.104704099233691,4.965691719977252,9.871822186422204,6.533744160235923,9.544298133756529,82.68492563886323,134.69256924086048,142.78415860139486,n
0.02011767460328072,0.5465907653383935,0.9305281293486184,0.946560822069987,0.7536713544512664,0.02303431017468716,0.48312482214601754,1.1030810649829341,2.6421714752463092,3.3683136080124756,6.538796079058478,4.37066886273224,6.510281629925963,86.51165606380832,125.60780398695796,120.20615921634433,n
0.021222612745589467,0.5077605321507761,0.7635647165807821,0.9276388337523709,0.7038210552335837,0.0037187618102796673,0.639563119658305,1.823388585798741,3.041034376053104,4.190819615807975,8.423768583074928,5.336381319065435,-7.819799229200783,102.05415343109526,171.91706192071712,179.19679300291546,n
0.015803117296329286,0.5608099092688134,0.8166877165711325,0.930455816166703,0.7178475209984715,0.010341581173364407,0.6150520016056714,1.606769190472353,2.570881855080925,3.5190221066805574,-7.048154336982865,-4.514364436139337,6.588683893304161,21.536114144739425,64.59892989306788,59.99605584669657,n
0.0171971480028188,0.42681892143189215,0.7544787771705633,0.9324002341824718,0.6894323977426559,0.0030119083706013267,0.6198746396721291,1.670567031489637,2.368416351047537,2.8507632528396227,5.470352612520233,3.6913084991754928,-6.1337204091278865,29.40560882841378,151.03393689398402,180.5784003857074,n
0.017866823473398255,0.38619741295938104,0.9185785999257191,0.9776969127831905,0.9402020554635293,0.00314411789021164,0.49947071807662613,1.1279148267610986,3.3300488331908453,3.5480703689220845,6.987150421062715,4.112373477764261,9.000159185228963,16.185451556560157,75.54019829446214,79.69343984383028,y
0.047272442133166295,0.7165703781512605,0.9662421359521252,0.9681777647475599,0.9331093337747723,0.003356948971718317,0.7346820520162131,2.097357179041742,3.9096744728971737,5.310867419181516,-10.0144130309737,-6.450988265418589,-10.149604159029273,52.87700198383897,134.4140659021629,137.35788938888084,n
0.023461199230790247,0.30781114941729343,0.9117703321120088,0.9525200522892694,0.7550304699890772,0.0025409734688628537,0.3547557637157099,0.779669730119891,2.266864404074413,2.5826481720391916,5.0162343583507845,3.04035285786109,-5.707203757099445,47.011033386327505,115.12521462639108,122.80257551669315,n
0.04019984098430961,0.7248369240364875,0.9728739855358929,0.9581047649779498,0.8430683247336043,0.006862510629251701,0.6480762070619416,1.6333896519042859,3.0120861171968802,3.7011122867454036,7.06440585895377,4.537575361608659,7.8165723687678454,54.041653323845104,142.10875882108758,146.99198244677697,n
0.01856085167157851,0.5222435078756917,0.8929686297016952,0.9407753444843316,0.8693933363095302,0.0026159359384185774,0.6357803751115886,1.5944065505008083,3.0329160442947165,4.107889308664257,-7.879215448133052,-4.989357723484595,-7.787923749336091,46.42873878595431,124.92903166137435,137.62333138083054,n
0.021192930350486704,0.5303665586684455,0.898332137733142,0.9641652193008724,0.9004300051850067,0.00205412749590577,0.6062856773094256,1.4567953094875492,3.3734561231958438,3.943092754217738,7.621173698262218,4.782070360217814,8.131168406073519,17.912337789626378,94.09648331830479,87.9039087309366,n
0.025449827610776406,0.5163030853911024,0.9319560471613412,0.961645483575973,0.8286909677562175,0.008385585619278576,0.6054904637190334,1.4749061468574083,2.9537386754020885,4.040765973107371,-7.667841816262879,-4.8204250610891295,-7.711406096163818,56.019488393298865,129.62152356747214,118.82008400671278,n
0.030200375868669003,0.5684252253254701,0.9363937356078225,0.9274851654737872,0.8799835572885844,0.006703563948727639,0.7282548034061063,2.150316570261402,3.3025374262219134,4.1630663103462995,7.941249545994657,5.322354480763753,8.258102200107354,30.870580241221152,199.13683354769822,198.17550416191423,n
0.02474044612421529,0.5474545539347723,0.9528910041580938,0.9573431451376723,0.9144141615149279,0.015402655082094567,0.6087386100471436,1.465466204790982,3.1463759874024513,3.5840339795986593,6.9507555652833055,4.329867974291729,-8.027938142121322,70.53396876471928,181.30874873645828,178.165993659799,y
0.014886258985078081,0.35463404944350474,0.9223338969252928,0.9600653483832641,0.8498025830568618,0.009663925369530528,0.4298567896573794,0.9547738383832952,2.942568288120126,3.957068674625631,-7.417636802239575,-4.43850101130284,-8.064919878306824,47.81727714367362,116.17541058010725,109.34139084536638,y
0.024984803650233093,0.546969989968455,0.9495740573658701,0.9836982040956121,0.9607123258385296,0.007423375889707735,0.6188189242748018,1.490097041587009,5.877548121478411,6.37835514303225,12.508354648487584,7.153866392919994,-13.520055533726008,37.99771089351822,111.68313947120545,102.02893693456879,y
0.01346542649651643,0.30017316963720675,0.8939097361128363,0.9573123400829892,0.8895568297753552,0.008558433983161166,0.3698764876636475,0.8090087654045327,2.6236998413305477,2.7559916371623894,5.445837384036637,3.160704627976926,-9.173015478486708,45.10549563041459,113.96563098329888,104.09181816458455,n
0.027591377884480954,0.6225523762941224,0.9255722068367885,0.9517864040802163,0.8600494892893485,0.00626342599153859,0.7182813995874079,2.043711240545647,3.1733001395677722,4.545046191814022,-8.404301494545173,-5.5691963286358686,-10.115368057882804,27.065642476222603,74.15243483112535,67.316365853975,n
0.017637516064324888,0.20170471841704718,0.9185979343330484,0.9376194788208069,0.8413685613749751,0.001630310689090451,0.16998428798498283,0.3673882493317767,1.7028747020755457,1.764873459409602,3.4987482226999913,1.948734340191226,-6.250058498716362,41.68319124821367,100.67244862760558,99.52949292859607,n
0.012219316660414476,0.5287837612999834,0.7576684678957406,0.9033247679479784,0.7733066036509524,0.001563959881792223,0.6979804390813438,2.1344463363379407,3.6072155131691255,5.2055220671557585,9.727587532706794,-6.480360374657109,-9.803893481950059,19.2711086169073,75.05515024743636,70.30064792612622,n
0.03831293719846395,0.6849103303443448,0.9613917905646473,0.9450761378085208,0.9283373743050467,0.00674059409643487,0.7227844763515722,2.0300004281187816,3.4273821478117887,4.339743674969802,8.290785269149866,5.5204787751430375,-8.509966778726515,9.025942968948149,71.3682742128338,63.81475174221288,y
0.01817639981429635,0.6338862839821919,0.8778302183282001,0.9394731844601557,0.8407864348618591,0.01317227556531872,0.5979273550681784,1.459528731110171,2.916700279032281,3.3921915399109452,6.5613381166636175,4.2187845248387985,-7.138654950685941,49.69774955367899,80.16925604927137,72.04112948560345,n
0.034977634816998435,0.7428990110258993,0.9324566307720978,0.9528216357753814,0.90861463382418,0.014157695775069286,0.7021159556305684,1.8970405452812145,4.153057352899614,4.843404888170302,9.38983895202518,5.803361975063884,-9.692132199772809,16.460426100683282,70.22457856591424,58.272477444778595,n
0.022080269828439004,0.39903364152835025,0.8104126014535789,0.9214153609938235,0.6737743905222952,0.001175163834824053,0.6166697495146891,1.6446273481508333,2.2796045466299772,3.097472864292117,5.786227002216563,3.9199888305654156,-7.287840861153236,93.77980900409278,125.46568894952252,122.668690313779,n
0.03212420552110184,0.493897122929381,0.9336189949263676,0.9419493128230992,0.8613892825709297,0.0032523377792475013,0.64414689411192,1.6306989751072662,3.041709396242827,3.8582431916681594,7.375414074800002,4.7718334726175,7.595661107501106,78.24070518415081,118.20719148193402,111.18549734433833,n
0.03011898932423933,0.6308951172977185,0.942808379626531,0.926418911723991,0.8659010893530888,0.011553160037163014,0.6874054920724306,1.854649878689127,2.95965253897642,3.7042601221012625,7.03622047962106,4.63551400276524,-9.402105836054787,42.52132604478928,94.99947099277023,83.13513666020103,y
0.029394307343309875,0.5380251974199771,0.8791839870761835,0.9378060121228418,0.7920294618454752,0.003660079483182162,0.6785315131208873,1.8582259573447577,2.8021468297583003,3.658514803586143,7.067593745903708,4.810651730038735,-7.014379539615675,29.28161059555713,97.84833115545614,105.22298509446081,n
0.022057865971801736,0.5992739059967586,0.900766408598588,0.9206008351543737,0.7872147722049825,0.0075813793881750234,0.6118113990020052,1.5454184255095784,2.5730053347375117,3.7534082722408812,-6.998699511363932,-4.560527480263899,-7.167612705501826,101.98684069525709,148.82641076748322,145.78022460832852,n
0.015621594655758724,0.4771558228110819,0.8307355756084221,0.8979474278190539,0.6306201511127539,0.006976594650205762,0.579258057689512,1.5603062879984062,1.9998793326949391,2.8030391746406074,5.317130834960786,3.8657462198490955,5.400931314322886,43.15186372931772,94.26368748838074,86.20279094627254,n
0.015868710628553676,0.6413989432341556,0.8827006270354348,0.9341402438352845,0.7961675676712341,0.003723477720563534,0.45420414705491385,1.028642569065889,2.3777662400700796,2.9874919131990576,5.77450087337495,3.882060675961999,5.879293110063211,39.619377912647664,98.47898558578086,98.61866262057006,n
0.022386652577891245,0.45144333249033564,0.916966316870918,0.9635602150107372,0.9029169656406509,0.0030744864496724616,0.6062965276774087,1.457750686136173,3.664248287406398,4.759137691159533,-8.971224460145132,-5.488300516594408,-10.341778035019498,28.1468568270926,79.86561587243112,77.98413283161855,n
0.02269049743553821,0.6198871953844829,0.9023251441464026,0.9547490883833999,0.9050508880316628,0.001180822927164693,0.5918796924295521,1.4107926899966015,3.187776963880361,3.5793712952015557,6.963831439957738,4.297711190289269,-8.158044849568846,12.674536942804805,71.45613677997152,74.781057059502,n
0.025638509044661778,0.6989892918509614,0.9285782480015969,0.9717491681310053,0.9369506137842701,0.00877470972957084,0.6562523557160984,1.6421565462862764,4.2160648026312115,4.819408202360944,9.36962992586931,5.781501128022336,9.765719106849907,65.55601909794652,120.74290084828259,117.67260928011868,y
0.019652382295940556,0.4084133472763571,0.8206729896749668,0.9030050510928517,0.8187319704152038,0.003523482116612077,0.572957845004773,1.4157790940505814,3.114644717639362,3.3888405988232218,6.6450245798598555,4.136538482566755,-7.487421121436711,64.57089749179613,106.44411042522432,104.92647497533103,n
0.0015748971523435924,0.10306791240567721,0.20383517996504733,0.7974167553800752,0.13896040015946767,0.01217262560888553,0.5774996272061359,1.4075183981661603,2.80304115691981,3.0732569045156026,6.011496274750803,4.302695804100741,-7.701889377920107,29.648253947454627,74.33991351634673,66.70602109676997,y
0.01361682092283936,0.29478978934617545,0.7571664358483049,0.9201723835534064,0.6385972713941116,0.001636666915994793,0.33357749438323564,0.7498209488165183,1.4688581092569422,1.6200294239758675,3.1644960358481615,1.996317021764735,-5.153463757465985,47.24600498460636,98.07398719640327,99.39676489273322,n
0.022772153825949083,0.6212523910198329,0.8623272452872375,0.9432983843523635,0.8126897102036175,0.002530557458322835,0.7553503979844949,4.092899083047821,2.978684135820162,4.707886618937818,-8.565718180830805,7.532695280412474,-9.14540710121088,38.83724120330494,114.59737773949661,126.8474176157208,n
0.023615921075117844,0.504426551295918,0.9430885175303094,0.9793618964421855,0.9490528437191598,0.004130973377005123,0.6524849677565208,1.6221616704454407,4.062456365750175,4.601533172408819,8.93926087584622,5.4464193472714735,-9.725576775456723,15.260531737466888,73.02030805454724,62.941077209849894,y
0.019114066177821614,0.49569124464423686,0.8552703337322567,0.9234907828489698,0.8122969984351369,0.009260776552133199,0.615703732043252,1.557571415668821,3.0750017000311978,4.471479200079674,-8.247271801179368,-5.270386514558081,9.210918446801953,16.6340320202233,75.61717049364512,68.33383364932239,n
0.029206258998053153,0.5122139254910146,0.9371254350035416,0.9529731115302964,0.9007032638158059,0.006239231321386579,0.6484852622138209,1.624870982949399,3.319291024991504,3.949542343455965,7.605293743375055,4.860472220966323,-8.09837278145002,50.86997654417514,99.56382590565545,93.07193119624706,n
0.029093305642138436,0.6571290469330503,0.9470312649392867,0.9627364726809452,0.9070488894350196,0.008529851466049383,0.5821283691099516,1.3743849280170528,3.331966355560182,4.032554124274732,7.833814646542099,5.097648125023892,7.902207180277005,19.194583043150573,74.97300107804882,66.14824602409868,y
0.02527122009304418,0.47610944634703195,0.8971880314875939,0.9480005694462136,0.6356592130596443,0.005473039427962543,0.6772022894461817,1.8416048585490443,2.940607068904659,3.818662557832547,7.566392133232818,6.055945661539234,-7.242338879616648,57.74326148551423,93.4483689605554,111.00381243417246,n
0.01893898119501066,0.2897903895482805,0.9159244913558405,0.9604444548629832,0.7761566265165349,0.017493566678214497,0.2884432680407263,0.6251705600290212,3.257454836280774,3.897909843245928,7.66861219066098,4.874726795532889,7.590575771726597,43.64015335022733,74.73966795856005,87.07298576432885,n
0.02846307003871307,0.5204402043269231,0.8622938577385028,0.9533638371270623,0.7388174138598207,0.008523208183736457,0.6791572074233495,1.8740617359352478,2.88273216637471,3.722892182627827,7.025884646109048,4.696725701744873,-8.56618706241923,11.748930399572162,112.07352547941021,102.82616128046452,n
0.0439157449865311,0.6207498345068303,0.9665079184888471,0.9549367985383497,0.9326496695581878,0.021995825722264214,0.7063530575611521,1.9073400075061808,3.5628867693870676,4.420089956150797,8.434868589468678,5.485869763184929,-8.907909271350135,22.001537695833363,133.31434365644756,119.68476863991917,y
0.030478780762384493,0.5673910851149657,0.9252305710487728,0.9502332814930016,0.8093904466656052,0.0027686494157848325,0.7344154862030762,2.3076778993796547,2.93962324113744,4.296133758617807,8.163448004560703,5.7110207906406,-7.9968179779826505,16.892222222222223,88.98877192982457,86.31964912280702,n
0.03500852011491507,0.721042607848348,0.9553590291307715,0.9855157036063318,0.9694271461138868,0.006675965621588141,0.7454626278694684,2.165650354735016,4.765209931686949,6.049927088965934,11.993654540760097,10.701828418272788,-11.476704556834376,31.358060505594697,101.68837912288828,92.65888203603032,y
0.03135861044696455,0.6255568691098777,0.9280749126761959,0.9537737964317364,0.9166442109577557,0.0076815207178550435,0.7143699692422403,1.966723957042786,3.7226661136287396,4.793302123045922,9.248444617086037,6.057170265976649,-9.163426820231312,11.692436458410587,112.4766334346891,111.58369266954136,y
0.021737797248395804,0.5272163428174879,0.8816638862696743,0.9351870895205189,0.8660891567553762,0.0029908303020282187,0.6703243372621405,1.7569011226815279,3.7458625563094468,4.889152006120157,9.28710518821777,6.062167328701999,-9.461267079774588,20.67584362251101,124.12376732499392,129.2170858887418,n
0.029451626669631775,0.7255640408689891,0.9438742529230979,0.9756812611140482,0.930439455982354,0.003413006792223062,0.7934927563700023,4.139758137160501,4.02278564225281,6.954855396689741,-12.776977999378827,-9.48665335692669,-12.496372377391312,11.581330737082066,83.67797777355624,85.05426006838906,n
0.04365568156555842,0.6429609166052148,0.9683394803364966,0.9613129627252107,0.9354557148107547,0.004791159808830939,0.7346487949689701,2.103555925526704,3.8486714687482935,4.8485658740043975,9.26652345135815,6.0605251922653745,9.47882089943481,8.747016179691347,88.4319621059065,80.93275156618732,y
0.026381538685688898,0.653375596306978,0.95435066268372,0.9822743519450324,0.9498091890063688,0.005908625506529773,0.7252406408410391,2.00736288991997,4.6663273182411755,5.7637259023527045,11.190482162410769,7.428495743748342,11.081568828604722,19.646617264940815,110.78350770584434,103.0198523447489,y
0.030992181912894823,0.7033469155054748,0.9644057031346548,0.9631009285859031,0.9104581684786784,0.013760780160829765,0.7487021076243324,2.259010124411855,3.5069116084727217,4.81857216899648,9.256193467065104,6.570747000485764,9.053250278937206,42.14866522473408,119.13112500370359,105.61998163017391,y
0.03839655600146517,0.7735158185629883,0.9750685449844291,0.973020502570136,0.8832304599660286,0.026629802190938103,0.6695635685840835,1.7137846441790325,3.3861004459377417,4.566711630321919,-8.549722493675029,-5.430654829043679,9.30485820342991,41.10150938765493,113.8549331206283,104.59500859001105,y
0.018201219313976554,0.5834375497396485,0.8996686593853543,0.9269262247164738,0.7618954308284245,0.004208888416477702,0.6904736923625027,1.9803160852900912,2.697647683628988,3.9993548677321393,-7.3798245858090255,-5.078493128882114,-7.779660719631976,11.763330323002133,83.24262628979882,76.43283438694925,n
0.03562546744580616,0.6753604916870223,0.9505905839294626,0.9656326566328316,0.9110156953886861,0.005623661501637692,0.7606319869217322,2.4285687914835687,3.5997630652110346,4.839943220914506,9.230082860566323,6.463736031161719,-9.192190804921488,11.751626898047723,123.00579898770788,114.74720173535792,y
0.022286225439190867,0.5475019669551534,0.8561103137174493,0.9500149691635231,0.7998285061848851,0.0034243659848198537,0.669311007747615,1.802948074910576,2.9769160151878378,3.7883006598736157,7.230481481823075,4.895308466711075,7.480869001156906,11.038346131128176,85.4657058476078,80.08441819255759,n
0.022854543531821318,0.4455369828061121,0.9415012981840741,0.9517851768093778,0.9010346700945162,0.0050410620459603595,0.5940895221389865,1.4182876203560708,2.9997238142844127,3.420410563168092,6.632595950971965,4.148319995460373,7.6369297610288065,26.462112920878134,70.17288997617975,71.3760863967038,y
0.02937385523588558,0.6158686402588842,0.9472762466586783,0.9670554219547116,0.9384559998134632,0.0059001368680188125,0.6837659677170902,1.7693583493127039,3.683178849021482,4.4803163984464565,8.600479742307892,5.453714289769659,8.957111451151478,26.31890566453604,76.13752204099626,71.99906325765924,y
0.01992135559445016,0.5492324589410232,0.8843859422817713,0.9584370891165291,0.6942091834723174,0.03879890111908961,0.4170113802843819,0.9402364465017965,2.1435938539848727,2.469407663074186,4.781898483181866,2.97339604190871,5.558558081873273,77.6456996770155,96.13993750723296,102.78835993308856,n
0.01311881027473524,0.305337695513826,0.8385304486193286,0.9352708058124174,0.7487499360459867,0.003911416997354498,0.4167401815298368,0.9387591754724197,1.9656060455074866,2.1514568390540982,4.210000104454872,2.621692135155444,-6.342005302264951,41.9286023812963,106.95218835764841,124.61936402467964,n
0.022782260473792157,0.4892109971156304,0.9020830247620073,0.9189342488245391,0.7290805420194709,0.005494650599437306,0.626293471742995,1.6341643570686,2.4326920126086904,3.210605617226688,6.032258454961762,4.028074654738598,8.398368442245586,153.10054199341337,231.37855360122873,216.39692525807453,n
0.026513459337909173,0.4010031587351175,0.9228526351526771,0.9603332611988747,0.9284226115429893,0.003789951551608298,0.5212903058052073,1.1911739169335862,3.1608785790873464,3.4827370951471215,6.808350102982029,4.1212455422338765,-7.6846348241175555,62.30503144654088,161.34766611046933,129.7725580798357,y
0.014811330462999178,0.5947879522243379,0.8761870033965382,0.952504154431345,0.8715294415042564,0.014090688841122868,0.7170136241985122,2.051624688203808,3.8503634600310197,5.0785074274198,-11.655289477806386,-6.40810615895936,9.542955815310393,66.26025420500329,129.50709973101831,107.14914630063609,n
0.02887184176614902,0.5954788517838224,0.9142128437718053,0.9201854951625977,0.7347448776330291,0.007790601773116654,0.6158002439068309,1.583852130816468,2.4129976386301912,3.1845061011883486,6.034871888272208,4.188676639578966,6.320547744460856,129.52406260767873,120.46034812208289,123.65114700692277,n
0.007987804985875526,0.2052069102560918,0.8107384690873405,0.9362852050342405,0.8303217721140732,0.013551352736310574,0.10066780369288741,0.2223080864568596,2.594184654366824,2.85813363233864,5.589608861538142,3.0207570433189885,6.39252656096057,64.04662614127248,80.21773025882804,84.89788079311707,n
0.019876578200792895,0.4757186147186147,0.9185445852419004,0.9618531089898171,0.849101025789273,0.004506400843516419,0.5278197384867482,1.216068073902794,2.9290392156664367,3.2810864216615876,6.3943257216377845,3.9417216075404116,-7.102318586463952,74.35914113736412,117.2061989039619,116.50868744946546,n
0.026942042082399052,0.587692569870484,0.8716723791036024,0.9382412471220039,0.8327023984179438,0.007070953863798606,0.6574741228627287,1.7199203669700194,3.042998914235994,3.743341797557629,7.1608468295199765,4.607274898903484,-7.623830248414655,83.71794016877831,139.05240405619813,145.5612223780726,n
0.030956089549415627,0.5414174530054239,0.95427163646483,0.9808475782864887,0.962645142644509,0.00478115387744604,0.661997182276994,1.6595902550770436,4.625278902806657,5.429747341457247,10.534634782419435,6.476666665576491,10.718878817595737,39.15134473912231,91.86396303029272,78.23241985082994,y
0.02019540577028661,0.50822030237581,0.8501123579268337,0.9191520828198176,0.8159691775843977,0.004824704283719661,0.5779908423619651,1.417626169424314,2.582484154354579,2.900718766500121,5.642580951924949,3.613674914026595,-7.102736398236116,50.751221641953954,80.47962250843814,87.51942032879381,n
0.02527513129137887,0.5760781335916839,0.921433881398701,0.969982425041286,0.905484389746879,0.010826581790123456,0.6880419402560312,1.8049298733505832,3.597690005586252,4.280975372526214,8.223036383459474,5.189451515125786,9.172100149312437,8.199109553498236,73.88118856558394,69.75240473200117,n
0.020616849739086115,0.4958281019841231,0.8142195598089231,0.9356837372518917,0.7084463356054772,0.008226925994163097,0.6770689424856458,2.090108993331292,2.4791928484321044,3.1499689484321043,6.06445766932171,4.395528623453816,-6.181169251449912,43.54568086619774,86.18696159013673,80.06893622065914,n
0.024962728077063005,0.37677480111690637,0.9228120261943934,0.9460782171728206,0.8967715931154426,0.0046923307324473,0.5101409157865637,1.1643460519913327,2.915116761560179,3.2606429312603145,6.354507835301944,3.8912846762977193,7.131351422618117,49.29495581801518,90.78266959483996,79.38077781044112,n
0.009642347124187224,0.2587970452790807,0.7138228999464955,0.9389342158027486,0.6124896150751065,0.01094201907228941,0.3616616187527632,0.8217389998005821,1.8901119684696583,2.517489812897065,4.886066440204409,3.5211203365952732,4.85842407249039,50.415734916012774,90.03235749586918,86.18861004290129,n
0.02054761874849396,0.4840297299599625,0.736937158939474,0.9089057158319437,0.6557810161886066,0.009320320045456455,0.6438333104420438,1.9072769490657049,2.521494678980735,6.027323207004732,10.307003358776086,8.148192570493975,-11.11178447175914,71.98712401423687,115.78390850722312,123.53515597738851,n
0.029050220256929774,0.6749578364767922,0.9520887608165727,0.952990343796054,0.8778189657108267,0.009321714314583859,0.7574997450812789,2.4422826852140425,3.2850773506037547,4.91519885240964,-9.978817205798164,-6.630322010558663,-9.017921449198704,31.552825788871516,93.63448589070646,85.02428842173293,y
0.01820839091468041,0.4923761168493758,0.9162281671456998,0.919966538774,0.7863060424160958,0.005098227080183926,0.6610996969245095,1.7806519607759461,2.633667063827894,3.8000435515854276,7.528470098112224,5.4685112852377324,-7.038529162342167,31.63950735001987,84.23458085021852,72.35017878426699,n
0.030687082323215098,0.533093343438171,0.9593680741035404,0.9502428622201161,0.879496792122234,0.007615251926387839,0.6509532148809005,1.645459956114898,3.2877398026601514,4.508407346945537,-8.944810970211304,-5.610050465662397,8.425490163579875,128.78124131740367,150.32169954476478,118.60457586184786,n
0.015601120505923056,0.6391927017401725,0.9238336281027018,0.9683656696219328,0.921358345303626,0.006211920049655665,0.44539053974326087,0.9891193447392684,3.9649419239875283,4.572542652441747,8.93215976552228,5.390371082830095,-9.074295416580812,128.7028475318783,164.87749354611594,134.47055985814492,y
0.03083253499157393,0.49071776694727515,0.885119475745225,0.9516951830617127,0.8592924466716957,0.0018167326730074746,0.5981296301992853,1.4479567418544026,3.7590380992105685,4.7079291606692255,-8.960075540358867,-5.436000913056742,9.483566678916743,78.12826666666668,106.70960000000001,90.05097777777779,n
0.023500813929594733,0.4347835293548231,0.8868109628934931,0.9187011667791468,0.7712837966422385,0.005894026688607542,0.5901927316491827,1.4681998117777393,2.3793614173331825,2.801450727649301,5.395979581611161,3.5507803339838393,-6.25469692947619,89.30753227428666,123.93605764594041,108.30969537482261,n
0.024170410964602217,0.5308981142314476,0.911767703979846,0.979636491407398,0.8721994846088885,0.0025675876060300665,0.6958498812104981,1.853503379966939,3.742248609061137,5.169084298527025,-9.788209406803716,-6.323749406301341,-9.763050424935946,96.12662889518414,173.87522820270698,153.01104815864025,n
0.025686826031401943,0.510835326953748,0.9057921063329621,0.951284953265557,0.8353929099432463,0.0042030652924750144,0.6875280586679409,1.8500547091039978,2.9967028828243794,3.885683757810805,7.345463942796621,4.833040409649529,-7.86987831410985,76.77833092136999,110.47473227206946,88.56632899179932,y
0.028814184586776467,0.595004123144585,0.8946348771730427,0.9673442282150488,0.9101773448991709,0.0014202681458385825,0.6723369272228256,1.7236049669197462,4.002064127886539,5.111519891666859,9.99199973921907,6.77712883744375,9.723725225482932,77.54668102715266,123.38597585170908,103.67207074428887,n
0.029555147928910938,0.7612276518984809,0.9602599332136083,0.9800587347248406,0.9580037211258179,0.010919669758335433,0.752515505432906,2.250708931252599,4.769980467196704,6.513170136038172,14.788905776857245,8.323101139117963,12.15474660832647,103.17245701070536,135.99031668469544,113.88183818866798,y
0.023007519421874723,0.5570195760454072,0.7808947710295551,0.9449441122952951,0.7397673259993091,0.0015775745097421684,0.6625930850243354,1.8682963638818297,2.693431000905234,3.4092821487173146,6.700970372048386,4.568583404063808,6.547804229760587,75.16495108030982,107.91219934773747,99.6252038320424,n
0.020510976728558252,0.5913086228472677,0.839967832730197,0.9148925449094253,0.7385529304743407,0.0016276451745821786,0.7319251089345945,3.019956298843148,2.573741610885088,4.256401710006793,-7.870030338827034,-5.849240543905878,-7.782673539679932,63.77871563255837,95.36447998420455,76.42840219161855,n
0.01964691725259875,0.3991266437157853,0.8674128018397853,0.9286871579145825,0.8597127267812619,0.006960314507747543,0.500320251692575,1.1477149463822403,2.6269067637586474,2.9537462963706025,5.74656895018091,3.541953640286399,-6.715063794703889,56.828120442852644,90.54530606530793,88.10314173384509,n
0.02172904897157687,0.5326224025439992,0.8125520591915186,0.9470293547446257,0.7977154041359921,0.009560913485764676,0.6085279003681853,1.5563040947068076,2.957383417548778,3.610779871886813,7.354486255187131,5.173373568256962,-6.922727396681296,63.49915358768236,104.16659436008676,99.41874016417847,n
0.02063935720875959,0.3782486935351596,0.9229611283480165,0.9523637061901903,0.8959313760084391,0.01687102551282859,0.493925183627416,1.118838047448975,2.985790966096823,3.264855763918589,6.390509385084565,3.8268253658789964,7.799295931580563,56.23848082674255,93.58695725694629,83.8067600407767,y
0.03074041986049607,0.5457251178117138,0.9099072487741479,0.9618231398519673,0.897006654513866,0.0012632078294280676,0.6710540376516261,1.7242280881718992,3.4265968885112486,4.11893573252953,7.8970735514053105,5.0068998251985946,8.697711290873572,57.35144258327495,110.84752563530986,107.2438698172091,n
0.022594614549551483,0.5962452580099639,0.8898927987939438,0.9251336693432476,0.7809808525758614,0.010699170196628034,0.6236029928981511,1.5983931899160622,2.5595442696363806,3.4344696419361878,6.680287415612053,4.981217735759183,6.514573044516792,75.57103411554407,112.31183204655231,117.94440345339063,n
0.02321075702176461,0.6649266022198353,0.9346451937594363,0.9614999407691397,0.9070093545695034,0.0038078720106869907,0.6433663015546929,1.5966786926843606,3.296734131776366,3.862239170605374,7.448000067349989,4.698977896950697,-8.214451792993222,63.7445672974697,101.56604295130768,106.13842228364874,y
0.02576042568302222,0.519767644496079,0.9331317134216289,0.9435056661972775,0.8951087535893271,0.007338612528344671,0.5485664711792435,1.2776622058235771,3.0272287485968223,3.433738543320416,6.6658361054309525,4.087403779176152,-7.7294653213778455,31.79274439213514,69.6806314040432,68.32207144835225,y
0.03349661819770888,0.5450781707847326,0.9338321026039642,0.9500745673360386,0.9224312406770064,0.0047295249118165785,0.6664233175885896,1.7002240182177089,3.5701862197250507,4.6129127424515355,9.401031050890731,-6.457304432474196,8.713427234580402,34.793874641427756,83.45770135870964,77.62191456103886,y
0.022060160832111753,0.6950565812983919,0.9116593971746632,0.9823621822336476,0.9019722856078944,0.0011485496976568405,0.7919771261881627,5.201220640933857,3.8179653168689462,6.892628977541305,-12.310122556437985,-9.654220974077184,12.549776994661013,20.073430962343096,71.78967921896792,74.7400278940028,n
0.0254673580690054,0.5617822277152101,0.965842638283522,0.9597696177186716,0.8894996323020751,0.02654327548920803,0.6745560643460454,1.7406732856161906,3.176804431644889,3.766423387831486,7.238037350563623,4.636835631338168,10.54430133876923,127.39040729326223,167.5595191958711,172.02890299641365,y
0.027751659085911335,0.5494950115747854,0.8637234539277722,0.9200577873054339,0.6802550981714071,0.004399739255270009,0.6955039364618394,2.297736162146709,2.4052391402237117,3.9400692020905974,-7.120756330006106,-5.0900305315251915,7.83266691316841,30.179875744335675,85.08373430673082,78.92882030861125,n
0.01510732269014477,0.6449365989230502,0.891934418353252,0.9479652024024348,0.8336822803929668,0.0030451657900814645,0.7501757767161993,2.4549527350601164,3.1278106575755924,4.793811788060849,8.951648052808672,6.380212596111322,-8.866853773436986,30.74432389521037,77.01198729822704,72.01722677957132,n
0.02459352449794105,0.5610766700404858,0.8661959451541076,0.95220700152207,0.8349035191239962,0.007274394132653061,0.6117850174829231,1.5058233829537409,2.9883398357999624,3.84064469152635,8.006584734269877,-5.2905461848014115,7.262067556648373,34.169918208635025,82.02122999910611,75.06543309198176,n
0.037976399968288534,0.7157363977485929,0.9594353858406338,0.9632360169075003,0.9308226116497367,0.0037545617205215417,0.7199379086917981,1.9894225366403393,3.6323128828333857,4.894441672471108,-9.656301175444563,-6.255872413561371,9.180866993759292,21.42493242512704,73.66292572169964,66.67871121202292,y
0.026091451859531187,0.6290625,0.9472094823991899,0.9483358171882762,0.9077444285103852,0.006521365780108339,0.7219507718850755,2.0323762515439823,3.2623519631143725,4.064836027283557,7.728585540641667,5.081226268988361,-9.30099438128677,19.444013808058024,60.20694640030906,53.97162369303241,y
0.03166535629309415,0.6554972438269274,0.9500786647513509,0.9574825523908265,0.934922777176435,0.00854350710191484,0.7462455827804886,2.217276650080399,4.852244443346007,6.4497270146196595,-12.915136764334049,-7.724229917758197,12.105877631801919,45.63988983026618,94.15784959353468,87.6434350846763,n
0.03367047342397952,0.6847938144329897,0.8974936383903439,0.9492911805294192,0.8026880524206206,0.0016343704727261276,0.7545795470979803,2.6869653534188114,3.182770555577365,4.737953621708208,-8.793789561370453,-6.275631494005977,8.922741327979159,45.987020037508636,109.34340144112132,107.59411706642977,n
0.025518656012206948,0.5489988540141338,0.9542813667173883,0.9645671764393225,0.9193474901447194,0.008486793154761904,0.6646674759708782,1.6861667465189025,3.4262118786031417,4.029327212841284,7.76438102208837,4.915516146321,8.497913042379862,60.66341360533783,131.98851522356009,112.78723445049467,y
0.018951808403013266,0.5479711241776795,0.9050045670881207,0.9665073041168659,0.9141217200427172,0.003087896038044848,0.5961596143136028,1.4207025953577186,3.6974853662554072,4.590152165624125,8.9799659760596,5.9759579661678845,-8.818392672857298,49.37389189613242,102.47658272534713,92.44936063387463,n
0.018436915124201335,0.5760679104816379,0.864221030068493,0.9345636790594317,0.8333827158921822,0.020815945977156296,0.56686604380085,1.3583196573013279,2.9663341109582873,3.7852631772047665,7.308389137940918,5.04116777170411,7.314811992911807,60.129731084473235,124.39377503827944,110.2114709095822,n
0.030907366668394047,0.4456539568973039,0.9522374870195364,0.9482657352515056,0.8627130511907842,0.0209453669585118,0.5804471744392634,1.3821573918332763,2.7404432488414456,3.0921858753487164,6.008500471122166,3.7832704885803055,-9.413202086944299,67.36200149667924,115.88099451217612,102.07488463097502,y
0.026175822921251576,0.4861610718706765,0.9005132147746508,0.934875570100877,0.8527630622683946,0.010951491900772655,0.6445977087215922,1.645378502432526,2.8085920139846237,3.2626386645293852,6.298291362008747,4.0866282119272554,8.180456739094303,47.62413921320741,101.68601918643563,89.06793336803749,y
0.02840380199870545,0.5188951433601933,0.8923261377637562,0.9512124645775414,0.8631490007649827,0.01986870413674729,0.7175263868848372,2.0673857928430626,3.283614601156388,4.727599090160599,-9.014063937272088,-6.140197008391536,-8.802838372521778,56.06461285684945,103.96667488190593,91.19800369685767,n
0.01983186159528051,0.5706499701848539,0.8591564469502451,0.9568120545883927,0.8781112945706625,0.0039243754986562525,0.7427822804894381,2.288311327176964,3.9726157966642273,5.539683574987436,-11.532334215209124,7.212428315839943,10.296565215432459,44.57203538363198,87.89553993030498,80.96816297915336,n
0.013918176534535675,0.5339584628581772,0.7664851613777833,0.9029823798610139,0.681903411166518,0.005564651111216091,0.6180218332994517,1.7311223107127827,2.2293979444195546,2.805419045908962,5.324243086324323,3.6761213634028183,6.41645020846613,30.051219051219054,71.42940842940844,61.6493755724525,n
0.025333346551328236,0.6019876700680272,0.9078039504265907,0.926795990272639,0.8399379967020891,0.005109463249034181,0.7205164297252052,2.1302375939221223,2.9455985502830204,4.410994037271406,-8.110163537423663,-5.482199506326259,8.608225913722015,32.276997617156475,88.93432883240668,80.2494837172359,n
